<?xml version="1.0" encoding="UTF-8"?>
<!DOCTYPE locale SYSTEM "../../lib/pkp/dtd/locale.dtd">

<!--
  * locale/pt_BR/admin.xml
  *
  * Copyright (c) 2013-2018 Simon Fraser University
  * Copyright (c) 2003-2018 John Willinsky
  * Distributed under the GNU GPL v2. For full terms see the file docs/COPYING.
  * Localization information: https://pkp.sfu.ca/wiki/index.php?title=OJS:_Portuguese_(pt_BR)
  * Localization strings.
  -->

<locale name="pt_BR" full_name="Português (Brasil)">
	<message key="admin.hostedJournals">Revistas hospedadas</message>
	<message key="admin.settings.journalRedirect">Redirecionamento para revista</message>
	<message key="admin.settings.journalRedirectInstructions">As solicitações realizadas ao portal serão direcionadas a esta revista. Esta opção pode ser útil caso o Portal hospede apenas uma revista.</message>
	<message key="admin.settings.noJournalRedirect">Não redirecionar</message>
	<message key="admin.languages.primaryLocaleInstructions">Este será o idioma padrão para o portal e todas as revistas hospedadas.</message>
	<message key="admin.languages.supportedLocalesInstructions">Os idiomas selecionados estarão disponíveis para todas as revistas no portal, e constarão da lista de idiomas que aparece em cada página do sistema (esta opção pode ser desativada individualmente por revista). Caso não sejam selecionados vários idiomas, a lista de idiomas não estará disponível e a opção "configurações de idioma" não estará disponível para as revistas.</message>
	<message key="admin.languages.confirmUninstall">Deseja realmente remover este idioma? A execução pode afetar revistas hospedas que podem estar utilizando o idioma.</message>
	<message key="admin.languages.installNewLocalesInstructions">Selecione idiomas adicionais para uso no sistema. Os idiomas devem ser instalados antes que possam ser utilizados pelas revistas hospedadas. Veja a documentação para informações sobre como incluir novos idiomas no sistema.</message>
	<message key="admin.languages.downloadFailed">Erro ao baixar idioma. A seguir, um detalhamento do(s) erro(s).</message>
	<message key="admin.languages.localeInstalled">Idioma "{$locale}" instalado.</message>
	<message key="admin.languages.download">Baixar idioma</message>
	<message key="admin.languages.download.cannotOpen">Não é possível abrir a identificação de idioma do portal do PKP.</message>
	<message key="admin.languages.download.cannotModifyRegistry">Não é possível incluir novo idioma no arquivo de registro de idiomas, geralmente "registry/locales.xml".</message>
	<message key="admin.auth.ojs">Base de dados de usuários</message>
	<message key="admin.auth.enableSyncProfiles">Habilitar sincronização de perfil de usuários (caso suportado pelo plugin de autenticação!). Os perfis dos usuários serão atualizados com o conteúdo da fonte remota assim que o usuário acessar o sistema, e alterações no perfil (incluindo alteração de senha) realizadas dentro do sistema atualizarão a fonte remota. Caso esta opção não esteja habilitada, os perfis no sistema serão mantidos separados da fonte remota.</message>
	<message key="admin.auth.enableSyncPasswords">Habilitar alteração de senha de usuário (caso suportado pelo plugin de autenticação!). Habilitar esta opção permite ao usuário modificar a senha do sistema e fazer uso da opção de recuperação de senha para criar uma nova senha. Estas funcionalidades não estarão disponíveis aos usuários com esta fonte de autenticação, caso esta opção não seja habilitada.</message>
	<message key="admin.auth.enableCreateUsers">Habilitar criação de usuários (caso suportado pelo plugin de autenticação!). Usuários criados no sistema serão automaticamente incluídos na fonte de autenticação remota, caso não existam ainda. Inclusive, usuários criados através do cadastro de usuários também serão incluídos automaticamente na fonte remota, caso esta seja a fonte de autenticação padrão.</message>
	<message key="admin.systemVersion">Versão do OJS</message>
	<message key="admin.systemConfiguration">Configuração do OJS</message>
	<message key="admin.systemConfigurationDescription"><![CDATA[Configurações do OJS no arquivo <tt>config.inc.php</tt>.]]></message>
	<message key="admin.journals.journalSettings">Configurações da revista</message>
	<message key="admin.journals.noneCreated">Nenhuma revista foi criada.</message>
	<message key="admin.contexts.confirmDelete">Deseja realmente excluir permanentemente esta revista e seu conteúdo?</message>
	<message key="admin.contexts.create">Criar revista</message>
	<message key="admin.journals.createInstructions">Seu cadastro como Gerente da Revista será automático. Após a criação de uma revista, acesse-a como gerente e continue com as configurações da revista e cadastro de usuários.</message>
	<message key="admin.journals.urlWillBe">Geralmente é usado um acrônimo que identifica o periódico. A URL da revista será: {$sampleUrl}</message>
	<message key="admin.contexts.form.pathRequired">O caminho é obrigatório.</message>
	<message key="admin.contexts.form.pathAlphaNumeric">O caminho deve conter apenas caracteres alfanuméricos, sublinhado, hífens, e deve começar e terminar com um caractere alfanumérico.</message>
	<message key="admin.contexts.form.pathExists">O caminho selecionado já está em uso por outra revista.</message>
	<message key="admin.journals.enableJournalInstructions">Permitir Acesso Livre a esta revista no portal</message>
	<message key="admin.journals.journalDescription">Descrição</message>
	<message key="admin.journal.pathImportInstructions">Caminho existente ou caminho a ser criado (ex.:</message>
	<message key="admin.journals.importSubscriptions">Importar assinaturas</message>
	<message key="admin.journals.transcode">Transcodificar metadados de ISO8859-1</message>
	<message key="admin.journals.redirect">Gerar código para mapear URLs da versão 1 do OJS para URLs da versão 2</message>
	<message key="admin.journals.form.importPathRequired">O caminho físico para a importação é obrigatório.</message>
	<message key="admin.journals.importErrors">Importação não concluída.</message>
	<message key="admin.mergeUsers">Mesclar usuários</message>
	<message key="admin.mergeUsers.mergeUser">Mesclar usuário</message>
	<message key="admin.mergeUsers.into.description">Escolha um usuário a quem deseja atribuir as submissões e histórico de tarefas do cadastro anterior.</message>
	<message key="admin.mergeUsers.from.description">Escolha um usuário para mesclar o cadastro com o de outra conta (quando um usuário possui duas contas distintas, em vez de acumular papéis editoriais). O cadastro selecionado primeiro será excluído e suas submissões e histórico de tarefas atribuídas ao segundo cadastro escolhido.</message>
	<message key="admin.mergeUsers.allUsers">Todos os usuários</message>
	<message key="admin.mergeUsers.confirm">Deseja realmente mesclar os "{$oldAccountCount}" cadastro(s) selecionado(s) no cadastro do usuário "{$newUsername}"? Os "{$oldAccountCount}" serão excluídos permanentemente. Esta ação é irreversível!</message>
	<message key="admin.mergeUsers.noneEnrolled">Nenhum usuário cadastrado.</message>
	<message key="admin.locale.maybeIncomplete">Idiomas marcados podem estar incompletos.</message>
	<message key="admin.settings.options">Opções</message>
	<message key="admin.categories">Categorias</message>
	<message key="admin.categories.enable.description">O Administrador do Sistema poderá definir o conjunto de categorias aqui para ajudar a organizar grandes volumes de publicações. Editores-Gerentes poderão então escolher várias dessas categorias para cada publicação, e leitores poderão navegar nas coleções por categoria.</message>
	<message key="admin.categories.disableCategories">Não organizar publicações em categorias.</message>
	<message key="admin.categories.enableCategories">Permitir a gerentes organizar publicações em categorias.</message>
	<message key="admin.categories.editTitle">Editar categoria</message>
	<message key="admin.categories.createTitle">Criar categoria</message>
	<message key="admin.categories.create">Criar nova categoria</message>
	<message key="admin.categories.noneCreated">Nenhuma categoria criada.</message>
	<message key="admin.categories.confirmDelete">Deseja realmente excluir esta categoria?</message>
	<message key="admin.categories.name">Nome</message>
	<message key="admin.categories.nameRequired">O nome da categoria é obrigatório.</message>
	<message key="admin.settings.defaultMetricDescription">O OJS está configurado para registrar mais de uma métrica de uso. Estatísticas de uso serão exibidas em vários contextos. Há casos onde uma estatística única deve ser usada, como, por exemplo, para exibir listas ordenadas dos artigos mais usados, ou para classificar resultados de pesquisa. Escolha uma das métricas configuradas como padrão.</message>

	<message key="admin.languages.downloadUnavailable"><![CDATA[<p>Não é possível baixar idiomas do servidor do Public Knowledge Project. Os motivos possíveis são:
	<ul>
		<li>Seu servidor não possui ou não permite a execução da ferramenta "tar" GNU</li>
		<li>O sistema não possui permissão para alterar o arquivo de registro de idiomas, normalmente "registry/locales.xml".</li>
                <li>O servidor não possui permissões para conexão remota ao servidor do PKP</li>
	</ul>
Idiomas estão disponíveis para download manual no <a href="http://pkp.sfu.ca">portal do PKP</a>.</p>]]></message>
	<message key="admin.contexts.form.titleRequired">O título é obrigatório</message>
	<message key="admin.languages.confirmDisable">Tem certeza de que deseja desativar este idioma? Isso pode afetar qualquer revistas hospedadas utilizando o idioma.</message>
	<message key="admin.presses.createInstructions">Você será automaticamente designado como o gerente desta revista. Depois de criar uma nova revista, você será redirecionado para o assistente de configurações, para completar a configuração inicial da revista.</message>
	<message key="admin.scheduledTask.subscriptionExpiryReminder">Lembrete de Expiração da Assinatura</message>
	<message key="admin.scheduledTask.openAccessNotification">Notificação de Acesso Aberto</message>
	<message key="admin.scheduledTask.reviewReminder">Lembrete de Avaliação</message>
</locale>
