<?xml version="1.0" encoding="UTF-8"?>
<!DOCTYPE locale SYSTEM "../../lib/pkp/dtd/locale.dtd">

<!--
  * locale/pt_BR/editor.xml
  *
  * Copyright (c) 2013-2018 Simon Fraser University
  * Copyright (c) 2003-2018 John Willinsky
  * Distributed under the GNU GPL v2. For full terms see the file docs/COPYING.
  * Localization information: https://pkp.sfu.ca/wiki/index.php?title=OJS:_Portuguese_(pt_BR)
  * Localization strings.
  -->

<locale name="pt_BR" full_name="Português (Brasil)">
	<message key="editor.home">Página Inicial do Editor</message>
	<message key="editor.submissionsAndPublishing">Submissões e Publicações</message>
	<message key="editor.submissionQueue">Fila de submissões</message>
	<message key="editor.submissionArchive">Arquivo de submissões</message>
	<message key="editor.publishing">Publicação</message>
	<message key="editor.publishedIssues">Edições publicadas</message>
	<message key="editor.allSections">Todas as seções</message>
	<message key="editor.allEditors">Todos os editores</message>
	<message key="editor.me">Mim</message>
	<message key="editor.submissionArchive.noSubmissions">Nenhuma submissão no arquivo.</message>
	<message key="editor.submissionArchive.saveChanges">Salvar alterações a submissões arquivadas? Submissões marcadas para exclusão serão excluídas permanentemente do sistema.</message>
	<message key="editor.submissionArchive.confirmDelete">Deseja realmente excluir esta submissão?</message>
	<message key="editor.submissionReview.confirmDecision">Deseja realmente registrar a decisão?</message>
	<message key="editor.submissionReview.emailWillArchive">Esta submissão será arquivada após a mensagem de Notificar Autor ser enviada ou pressionado o botão "Não enviar e-mail".</message>
	<message key="editor.notifyUsers">Notificar Usuários</message>
	<message key="editor.notifyUsers.inProgress">Notificando usuários...</message>
	<message key="editor.usersNotified">Usários notificados</message>
	<message key="editor.notifyUsers.allUsers">Enviar esta mensagem a todos os usuários associados a esta revista ({$count} usuários)</message>
	<message key="editor.notifyUsers.interestedUsers">Enviar esta mensagem a todos os usuários associados a esta revista que indicaram desejar receber notificações ({$count} usuários)</message>
	<message key="editor.notifyUsers.includeToc">Incluir sumário da edição:</message>
	<message key="editor.editorAdministration">Administração do editor</message>
	<message key="editor.issues.createIssue">Incluir edição</message>
	<message key="editor.issues.currentIssue">Edição Atual</message>
	<message key="editor.issues.numArticles">Itens</message>
	<message key="editor.issues.noArticles">Nenhum item agendado para esta edição.</message>
	<message key="editor.issues.confirmDelete">Deseja realmente excluir esta edição permanentemente?</message>
	<message key="editor.issues.published">Publicado</message>
	<message key="editor.issues.unpublished">Não publicado</message>
	<message key="editor.issues.volumeRequired">O volume é obrigatório para a edição, devendo ser um número positivo inteiro.</message>
	<message key="editor.issues.numberRequired">O número é obrigatório para a edição, devendo ser um número positivo inteiro.</message>
	<message key="editor.issues.yearRequired">O ano é obrigatório para a edição, devendo ser um número positivo inteiro.</message>
	<message key="editor.issues.titleRequired">O título é obrigatório.</message>
	<message key="editor.issues.issueIdentificationRequired">A identificação da Edição é obrigatória. Escolha pelo menos uma das opções de identificação para a edição.</message>
	<message key="editor.issues.issueIdentification">Identificação da edição</message>
	<message key="editor.issues.publicIssueIdentifier">Identificador público da edição</message>
	<message key="editor.issues.description">Descrição</message>
	<message key="editor.issues.accessStatus">Tipo de acesso</message>
	<message key="editor.issues.accessDate">Data para Acesso Livre</message>
	<message key="editor.issues.invalidAccessDate">A data para acesso é inválida.</message>
	<message key="editor.issues.coverPage">Capa</message>
	<message key="editor.issues.coverPageInstructions">(Formatos aceitáveis: .gif, .jpg ou .png )</message>
	<message key="editor.issues.uploaded">Enviado</message>
	<message key="editor.issues.remove">Remover</message>
	<message key="editor.issues.proofed">Corrigido</message>
	<message key="editor.issues.removeCoverPage">Remover capa?</message>
	<message key="editor.issues.invalidCoverPageFormat">Formato inválido. Formatos aceitáveis são .gif, .jpg ou .png. Verifique as configurações de MimeType do servidor e permissões de pastas.</message>
	<message key="editor.issues.styleFile">Folha de Estilos</message>
	<message key="editor.issues.invalidStyleFormat">O formato de Folha de Estilos é inválida. Certifique-se que o documento enviado é um documento CSS válido! Documentos CSS com comentários no início podem ser rejeitados. Verifique as configurações de MimeType do servidor e permissões de pastas.</message>
	<message key="editor.issues.removeStyleFile">Excluir Folha de Estilos?</message>
	<message key="editor.issues.coverPageCaption">Legenda da capa</message>
	<message key="editor.issues.showCoverPage">Incluir capa personalizada para esta edição.</message>
	<message key="editor.issues.coverPageDisplay">Exibir</message>
	<message key="editor.issues.hideCoverPageArchives">Não exibir miniatura da capa na lista de edições.</message>
	<message key="editor.issues.hideCoverPageCover">Não exibir imagem de capa antes do sumário.</message>
	<message key="editor.issues.openAccess">Acesso Livre</message>
	<message key="editor.issues.subscription">Assinatura</message>
	<message key="editor.issues.identification">Identificação</message>
	<message key="editor.issues.access">Acesso</message>
	<message key="editor.issues.cover">Capa</message>
	<message key="editor.issues.confirmIssueDelete">Todos os artigos voltarão à fila de agendamento e todos os documentos associados serão excluídos permanentemente. Deseja realmente excluir esta edição?</message>
	<message key="editor.issues.resetIssueOrder"><![CDATA[Esta revista utiliza ordenação personalizada de edições. <a href="{$url}" class="action">Restaurar para a configuração padrão</a>]]></message>
	<message key="editor.issues.resetSectionOrder"><![CDATA[Esta edição usa uma ordenação de seções personalizada. <a href="{$url}" class="action">Restaurar ordenação padrão</a>]]></message>
	<message key="editor.issues.issueData">Dados da edição</message>
	<message key="editor.issues.saveChanges">Salvar alterações do sumário?</message>
	<message key="editor.issues.default">Padrão</message>
	<message key="editor.issues.order">Ordem</message>
	<message key="editor.issues.publicId">Id público</message>
	<message key="editor.issues.publishIssue">Publicar edição</message>
	<message key="editor.issues.previewIssue">Pré-visualizar edição</message>
	<message key="editor.issues.preview">(Pré-visualizar)</message>
	<message key="editor.issues.confirmPublish">Deseja realmente publicar a nova edição?</message>
	<message key="editor.issues.publicArticleIdExists">Não foi possível salvar id público para o artigo:</message>
	<message key="editor.issues.noLiveIssues">Nenhuma edição em produção</message>
	<message key="editor.issues.open">Aberto</message>
	<message key="editor.issues.pages">Páginas</message>
	<message key="editor.navigation.futureIssues">Edições futuras</message>
	<message key="editor.navigation.issueArchive">Edições anteriores</message>
	<message key="editor.article.designateReviewVersion">Designar documento original como versão para avaliação</message>
	<message key="editor.article.decision">Decisão</message>
	<message key="editor.submissions.showBy">Exibir por</message>
	<message key="editor.submissions.submitMMDD">Enviar MM-DD</message>
	<message key="editor.submissions.activeAssignments">Tarefas ativas</message>
	<message key="editor.submissions.invite">Convidar</message>
	<message key="editor.submissions.accept">Aceitar</message>
	<message key="editor.submissions.noSubmissions">Sem submissões</message>
	<message key="editor.submissions.lastAssigned">Última</message>
	<message key="editor.submissions.averageTime">Dias</message>
	<message key="editor.submissions.lastCompleted">Última concluída</message>
	<message key="editor.submissions.assignedTo">Designado a</message>
	<message key="editor.submissions.inSection">Na seção</message>
	<message key="editor.article.scheduleForPublication">Agendar para publicação em</message>
	<message key="editor.article.scheduleForPublication.toBeAssigned">A agendar</message>
	<message key="editor.article.payment.publicationFeeNotPaid">A taxa para publicação do artigo não foi paga. Uma vez realizado o pagamento, será permitido agendar o artigo para publicação.</message>
	<message key="editor.article.showCoverPage">Criar capa para este artigo com os seguintes elementos.</message>
	<message key="editor.article.hideCoverPageToc">Não exibir miniatura da capa no sumário.</message>
	<message key="editor.article.hideCoverPageAbstract">Não exibir capa na página de resumo de artigo.</message>
	<message key="editor.article.remove">Excluir</message>
	<message key="editor.issues.enableOpenAccessDate">Habilitar acesso livre adiado</message>
	<message key="editor.issues.unpublishIssue">Despublicar edição</message>
	<message key="editor.issues.confirmUnpublish">Deseja realmente despublicar esta edição?</message>
	<message key="editor.notifyUsers.allReaders">Todos os leitores ({$count} usuários)</message>
	<message key="editor.notifyUsers.allAuthors">Todos os autores com publicações ({$count} usuários)</message>
	<message key="editor.notifyUsers.allIndividualSubscribers">Todos os assinantes individuais ({$count} usuários)</message>
	<message key="editor.notifyUsers.allInstitutionalSubscribers">Todos os assinantes institucionais ({$count} usuários)</message>
	<message key="editor.submissionReview.cannotSendToCopyediting">Antes de enviar a submissão para a edição de texto, use o link 'Notificar autor' para informá-lo da decisão e escolher a versão do documento a ser enviada.</message>
	<message key="editor.reassign">Reatribuir</message>
	<message key="editor.publicIdentificationExists">O identificador público '{$publicIdentifier}' já existe para outro objeto (edição, artigo, composição final ou arquivo suplementar). Escolha um identificar único dentre os disponíveis em sua publicação.</message>
	<message key="editor.issues.galleys">Composições finais da edição</message>
	<message key="editor.issues.galley">Composição final da edição</message>
	<message key="editor.issues.viewingGalley">Vendo composição final da edição</message>
	<message key="editor.issues.issueGalleysDescription">Publicar composições com o conteúdo completo da edição.</message>
	<message key="editor.issues.noneIssueGalleys">Nenhuma composição final de edição publicada.</message>
	<message key="editor.issues.galleyLabelRequired">O rótulo da composição final de edição é obrigatório.</message>
	<message key="editor.issues.galleyLocaleRequired">O idioma da composição final de edição é obrigatório.</message>
	<message key="editor.issues.galleyPublicIdentificationExists">Identificação pública de composição final de edição já existe.</message>
	<message key="editor.issues.backToIssueGalleys">Voltar para composições de edição</message>
	<message key="editor.issues.confirmDeleteGalley">Deseja realmente excluir esta composição?</message>
	<message key="grid.action.publish">Publicar edição</message>
	<message key="grid.action.addIssue">Incluir edição</message>
	<message key="grid.action.viewIssue">Visualizar</message>
	<message key="grid.action.previewIssue">Pré-visualizar</message>
	<message key="grid.action.addIssueGalley">Criar composição da edição</message>
	<message key="grid.action.removeArticle">Remover artigo da edição</message>
	<message key="editor.article.remove.confirm">Tem certeza que deseja remover este artigo da edição? O artigo estará disponível para publicação em outra edição.</message>
	<message key="editor.issues.editIssueGalley">Editar composição da edição</message>
	<message key="editor.submission.production.productionReadyFilesDescription"><![CDATA[O editor de layout prepara estes arquivos para cada composição e em seguida transfere para o conjunto de <span class="pkp_help_title">Provas</span> para leitura de prova.]]></message>
	<message key="editor.submission.selectGalleyFiles">Selecionar arquivos da composição</message>
	<message key="editor.submission.editorial.finalDraftDescription"><![CDATA[Rascunhos finais nesta lista são transformados por um Editor de Texto em versões editadas, transferidas abaixo em <span class="pkp_help_title">Edição de Texto</span>.]]></message>
	<message key="editor.submission.proof.manageProofFilesDescription">Quaisquer arquivos que já tenham sido transferidos para qualquer etapa da submissão podem ser adicionados à listagem de Leitura de Prova marcando-se a caixa de seleção Incluir abaixo e clicando-se em Busca: todos os arquivos disponíveis serão listados e podem ser escolhidos para inclusão.</message>
	<message key="editor.issues.editIssue">Gerenciamento de Edições: {$issueIdentification}</message>
	<message key="editor.issues.datePublished">Data de Publicação</message>
	<message key="editor.issues.identifiers">Identificadores</message>
	<message key="grid.action.addGalley">Adicionar composição final</message>
	<message key="editor.issues.removeCoverImageFileNameMismatch">A imagem da capa que você solicitou para excluir não corresponde à imagem da capa dessa edição. Por favor, recarregue a página e tente denovo.</message>
	<message key="editor.issues.removeCoverImageFileNotFound">Não foi possível encontrar a imagem da capa que você solicitou para excluir. Ela já pode ter sido excluída. Tente recarregar a página.</message>
	<message key="editor.issues.invalidCoverImageFormat">Formato da imagem de capa inválida. Os formatos aceitos são .gif, .jpg ou .png.</message>
	<message key="editor.article.schedulePublication">Agendar para Publicação</message>
	<message key="editor.article.removeCoverImageFileNotFound">Não foi possível encontrar a imagem da capa que você solicitou para excluir. Ele já pode ter sido excluída. Tente recarregar a página.</message>
	<message key="editor.publicIdentificationExistsForTheSameType">O identificador público '{$publicIdentifier}' já existe para outro objeto do mesmo tipo. Por favor, escolha identificadores únicos para os objetos do mesmo tipo dentro de sua revista.</message>
	<message key="editor.issues.confirmSetCurrentIssue">Tem certeza que deseja definir este número como o atual?</message>
	<message key="grid.action.setCurrentIssue">Definir Número Atual</message>
	<message key="editor.article.coverImage">Imagem de Capa</message>
</locale>
